countrycode,year,survname,datatype,comparability,coveragetype
AGO,2000,HBS,1,0,3
AGO,2008,IBEP-MICS,1,1,3
AGO,2018,IDREA,1,1,3
ALB,1996,EWS,1,0,3
ALB,2002,LSMS,1,1,3
ALB,2005,LSMS,1,1,3
ALB,2008,LSMS,1,1,3
ALB,2012,LSMS,1,1,3
ALB,2014,HBS,1,2,3
ALB,2015,HBS,1,2,3
ALB,2016,HBS,1,2,3
ALB,2017,HBS,1,2,3
ARE,2014,HIES,2,0,3
ARG,1980,EPH,2,0,2
ARG,1986,EPH,2,0,2
ARG,1987,EPH,2,0,2
ARG,1991,EPH,2,1,2
ARG,1992,EPH,2,1,2
ARG,1993,EPH,2,1,2
ARG,1994,EPH,2,1,2
ARG,1995,EPH,2,1,2
ARG,1996,EPH,2,1,2
ARG,1997,EPH,2,1,2
ARG,1998,EPH,2,1,2
ARG,1999,EPH,2,1,2
ARG,2000,EPH,2,1,2
ARG,2001,EPH,2,1,2
ARG,2002,EPH,2,1,2
ARG,2003,EPHC-S2,2,2,2
ARG,2004,EPHC-S2,2,2,2
ARG,2005,EPHC-S2,2,2,2
ARG,2006,EPHC-S2,2,2,2
ARG,2007,EPHC-S2,2,2,2
ARG,2008,EPHC-S2,2,2,2
ARG,2009,EPHC-S2,2,2,2
ARG,2010,EPHC-S2,2,2,2
ARG,2011,EPHC-S2,2,2,2
ARG,2012,EPHC-S2,2,2,2
ARG,2013,EPHC-S2,2,2,2
ARG,2014,EPHC-S2,2,2,2
ARG,2016,EPHC-S2,2,2,2
ARG,2017,EPHC-S2,2,2,2
ARG,2018,EPHC-S2,2,2,2
ARM,1996,ILCS,2,0,3
ARM,1999,ILCS,1,1,3
ARM,2001,ILCS,1,1,3
ARM,2002,ILCS,1,1,3
ARM,2003,ILCS,1,1,3
ARM,2004,ILCS,1,1,3
ARM,2005,ILCS,1,1,3
ARM,2006,ILCS,1,1,3
ARM,2007,ILCS,1,1,3
ARM,2008,ILCS,1,1,3
ARM,2009,ILCS,1,1,3
ARM,2010,ILCS,1,1,3
ARM,2011,ILCS,1,1,3
ARM,2012,ILCS,1,1,3
ARM,2013,ILCS,1,1,3
ARM,2014,ILCS,1,1,3
ARM,2015,ILCS,1,1,3
ARM,2016,ILCS,1,1,3
ARM,2017,ILCS,1,1,3
ARM,2018,ILCS,1,1,3
AUS,1981,HIS-LIS,2,0,3
AUS,1985,IDS-LIS,2,1,3
AUS,1989,SIH-LIS,2,2,3
AUS,1995,SIH-LIS,2,2,3
AUS,2001,SIH-LIS,2,2,3
AUS,2003,SIH-LIS,2,2,3
AUS,2004,SIH-HES-LIS,2,3,3
AUS,2008,SIH-LIS,2,2,3
AUS,2010,SIH-HES-LIS,2,3,3
AUS,2014,SIH-LIS,2,2,3
AUT,1987,MC-LIS,2,0,3
AUT,1994,ECHP-LIS,2,1,3
AUT,1995,MC-LIS,2,0,3
AUT,1997,ECHP-LIS,2,1,3
AUT,2000,ECHP-LIS,2,1,3
AUT,2003,EU-SILC,2,2,3
AUT,2004,EU-SILC,2,2,3
AUT,2005,EU-SILC,2,2,3
AUT,2006,EU-SILC,2,2,3
AUT,2007,EU-SILC,2,2,3
AUT,2008,EU-SILC,2,2,3
AUT,2009,EU-SILC,2,2,3
AUT,2010,EU-SILC,2,2,3
AUT,2011,EU-SILC,2,2,3
AUT,2012,EU-SILC,2,2,3
AUT,2013,EU-SILC,2,2,3
AUT,2014,EU-SILC,2,2,3
AUT,2015,EU-SILC,2,2,3
AUT,2016,EU-SILC,2,2,3
AUT,2017,EU-SILC,2,2,3
AZE,1995,ALZ,1,0,3
AZE,2001,HBS,1,1,3
AZE,2002,HBS,1,1,3
AZE,2003,HBS,1,1,3
AZE,2004,HBS,1,1,3
AZE,2005,HBS,1,1,3
BDI,1992,EDCM,1,0,3
BDI,1998,EP,1,1,3
BDI,2006,QUIBB,1,1,3
BDI,2013,ECVMB,1,1,3
BEL,1985,SEP-LIS,2,0,3
BEL,1988,SEP-LIS,2,0,3
BEL,1992,SEP-LIS,2,0,3
BEL,1995,PSBH-ECHP-LIS,2,1,3
BEL,1997,SEP-LIS,2,0,3
BEL,2000,PSBH-ECHP-LIS,2,1,3
BEL,2003,EU-SILC,2,2,3
BEL,2004,EU-SILC,2,2,3
BEL,2005,EU-SILC,2,2,3
BEL,2006,EU-SILC,2,2,3
BEL,2007,EU-SILC,2,2,3
BEL,2008,EU-SILC,2,2,3
BEL,2009,EU-SILC,2,2,3
BEL,2010,EU-SILC,2,2,3
BEL,2011,EU-SILC,2,2,3
BEL,2012,EU-SILC,2,2,3
BEL,2013,EU-SILC,2,2,3
BEL,2014,EU-SILC,2,2,3
BEL,2015,EU-SILC,2,2,3
BEL,2016,EU-SILC,2,2,3
BEL,2017,EU-SILC,2,2,3
BEN,2003,QUIBB,1,0,3
BEN,2011,EMICOV,1,1,3
BEN,2015,EMICOV,1,1,3
BFA,1994,EP-I,1,0,3
BFA,1998,EP-II,1,1,3
BFA,2003,ECVM,1,1,3
BFA,2009,ECVM,1,2,3
BFA,2014,EMC,1,3,3
BGD,1983,HHES,1,0,3
BGD,1985,HHES,1,0,3
BGD,1988,HHES,1,0,3
BGD,1991,HHES,1,1,3
BGD,1995,HHES,1,1,3
BGD,2000,HIES,1,2,3
BGD,2005,HIES,1,2,3
BGD,2010,HIES,1,2,3
BGD,2016,HIES,1,2,3
BGR,1989,HBS,1,0,3
BGR,1992,HBS,2,1,3
BGR,1994,HBS,1,0,3
BGR,1995,IHS,1,3,3
BGR,1997,IHS,1,2,3
BGR,2001,IHS,1,3,3
BGR,2003,MTHS,1,4,3
BGR,2006,EU-SILC,2,5,3
BGR,2007,MTHS,1,4,3
BGR,2007,EU-SILC,2,5,3
BGR,2008,EU-SILC,2,5,3
BGR,2009,EU-SILC,2,5,3
BGR,2010,EU-SILC,2,5,3
BGR,2011,EU-SILC,2,5,3
BGR,2012,EU-SILC,2,5,3
BGR,2013,EU-SILC,2,5,3
BGR,2014,EU-SILC,2,5,3
BGR,2015,EU-SILC,2,6,3
BGR,2016,EU-SILC,2,6,3
BGR,2017,EU-SILC,2,6,3
BIH,2001,LSMS,1,0,3
BIH,2004,LSMS,1,0,3
BIH,2007,HBS,1,1,3
BIH,2011,HBS,1,1,3
BLR,1993,FBS,2,0,3
BLR,1995,FBS,2,0,3
BLR,1998,HHS,1,1,3
BLR,1999,HHS,1,1,3
BLR,2000,HHS,1,1,3
BLR,2001,HHS,1,1,3
BLR,2002,HHS,1,1,3
BLR,2003,HHS,1,1,3
BLR,2004,HHS,1,1,3
BLR,2005,HHS,1,1,3
BLR,2006,HHS,1,1,3
BLR,2007,HHS,1,1,3
BLR,2008,HHS,1,1,3
BLR,2009,HHS,1,1,3
BLR,2010,HHS,1,1,3
BLR,2011,HHS,1,1,3
BLR,2012,HHS,1,1,3
BLR,2013,HHS,1,1,3
BLR,2014,HHS,1,1,3
BLR,2015,HHS,1,1,3
BLR,2016,HHS,1,1,3
BLR,2017,HHS,1,1,3
BLR,2018,HHS,1,1,3
BLZ,1993,LFS,2,0,3
BLZ,1994,LFS,2,0,3
BLZ,1995,HBS,1,1,3
BLZ,1996,SLC,2,2,3
BLZ,1997,LFS,2,0,3
BLZ,1998,LFS,2,0,3
BLZ,1999,LFS,2,0,3
BOL,1992,EIH,2,0,3
BOL,1997,ENE,2,1,3
BOL,1999,ECH,2,2,3
BOL,2000,ECH,2,2,3
BOL,2001,EH,2,3,3
BOL,2002,EH,2,4,3
BOL,2004,ECH,2,4,3
BOL,2005,EH,2,4,3
BOL,2006,EH,2,4,3
BOL,2007,EH,2,4,3
BOL,2008,EH,2,4,3
BOL,2009,EH,2,4,3
BOL,2011,EH,2,4,3
BOL,2012,EH,2,4,3
BOL,2013,EH,2,4,3
BOL,2014,EH,2,4,3
BOL,2015,EH,2,4,3
BOL,2016,EH,2,4,3
BOL,2017,EH,2,4,3
BOL,2018,EH,2,4,3
BRA,1981,PNAD,2,0,3
BRA,1982,PNAD,2,0,3
BRA,1983,PNAD,2,0,3
BRA,1984,PNAD,2,0,3
BRA,1985,PNAD,2,0,3
BRA,1986,PNAD,2,0,3
BRA,1987,PNAD,2,0,3
BRA,1988,PNAD,2,0,3
BRA,1989,PNAD,2,0,3
BRA,1990,PNAD,2,0,3
BRA,1992,PNAD,2,0,3
BRA,1993,PNAD,2,0,3
BRA,1995,PNAD,2,0,3
BRA,1996,PNAD,2,0,3
BRA,1997,PNAD,2,0,3
BRA,1998,PNAD,2,0,3
BRA,1999,PNAD,2,0,3
BRA,2001,PNAD,2,0,3
BRA,2002,PNAD,2,0,3
BRA,2003,PNAD,2,0,3
BRA,2004,PNAD,2,0,3
BRA,2005,PNAD,2,0,3
BRA,2006,PNAD,2,0,3
BRA,2007,PNAD,2,0,3
BRA,2008,PNAD,2,0,3
BRA,2009,PNAD,2,0,3
BRA,2011,PNAD,2,0,3
BRA,2012,PNADC-E1,2,0,3
BRA,2013,PNADC-E1,2,0,3
BRA,2014,PNADC-E1,2,0,3
BRA,2015,PNADC-E1,2,0,3
BRA,2016,PNADC-E1,2,1,3
BRA,2017,PNADC-E1,2,1,3
BRA,2018,PNADC-E1,2,1,3
BTN,2003,BLSS,1,0,3
BTN,2007,BLSS,1,1,3
BTN,2012,BLSS,1,1,3
BTN,2017,BLSS,1,1,3
BWA,1985,HIES,1,0,3
BWA,1993,HIES,1,0,3
BWA,2002,HIES,1,1,3
BWA,2009,CWIS,1,1,3
BWA,2015,BMTHS,1,1,3
CAF,1992,EPCM,1,0,3
CAF,2003,ECASEB,1,1,3
CAF,2008,ECASEB,1,2,3
CAN,1971,SCF-LIS,2,0,3
CAN,1975,SCF-LIS,2,0,3
CAN,1981,SCF-LIS,2,0,3
CAN,1987,SCF-LIS,2,0,3
CAN,1991,SCF-LIS,2,0,3
CAN,1994,SCF-LIS,2,0,3
CAN,1997,SCF-LIS,2,0,3
CAN,1998,SLID-LIS,2,1,3
CAN,2000,SLID-LIS,2,1,3
CAN,2004,SLID-LIS,2,1,3
CAN,2007,SLID-LIS,2,1,3
CAN,2010,SLID-LIS,2,1,3
CAN,2013,CIS-LIS,2,1,3
CHE,1982,SIWS-LIS,2,0,3
CHE,1992,NPS-LIS,2,1,3
CHE,2000,IES-LIS,2,2,3
CHE,2002,IES-LIS,2,2,3
CHE,2006,EU-SILC,2,3,3
CHE,2007,EU-SILC,2,3,3
CHE,2008,EU-SILC,2,3,3
CHE,2009,EU-SILC,2,3,3
CHE,2010,EU-SILC,2,3,3
CHE,2011,EU-SILC,2,3,3
CHE,2012,EU-SILC,2,3,3
CHE,2013,EU-SILC,2,3,3
CHE,2014,EU-SILC,2,3,3
CHE,2015,EU-SILC,2,3,3
CHE,2016,EU-SILC,2,3,3
CHE,2017,EU-SILC,2,3,3
CHL,1987,CASEN,2,0,3
CHL,1990,CASEN,2,0,3
CHL,1992,CASEN,2,0,3
CHL,1994,CASEN,2,0,3
CHL,1996,CASEN,2,0,3
CHL,1998,CASEN,2,0,3
CHL,2000,CASEN,2,0,3
CHL,2003,CASEN,2,0,3
CHL,2006,CASEN,2,1,3
CHL,2009,CASEN,2,1,3
CHL,2011,CASEN,2,1,3
CHL,2013,CASEN,2,1,3
CHL,2015,CASEN,2,1,3
CHL,2017,CASEN,2,1,3
CHN,1981,CRHS,2,0,1
CHN,1981,CUHS,2,0,2
CHN,1981,CRHS-CUHS,2,0,4
CHN,1984,CRHS,2,0,1
CHN,1984,CUHS,2,0,2
CHN,1984,CRHS-CUHS,2,0,4
CHN,1987,CRHS,2,0,1
CHN,1987,CUHS,2,0,2
CHN,1987,CRHS-CUHS,2,0,4
CHN,1990,CRHS,1,1,1
CHN,1990,CUHS,1,1,2
CHN,1990,CRHS-CUHS,1,1,4
CHN,1993,CRHS,1,1,1
CHN,1993,CUHS,1,1,2
CHN,1993,CRHS-CUHS,1,1,4
CHN,1996,CRHS,1,1,1
CHN,1996,CUHS,1,1,2
CHN,1996,CRHS-CUHS,1,1,4
CHN,1999,CRHS,1,1,1
CHN,1999,CUHS,1,1,2
CHN,1999,CRHS-CUHS,1,1,4
CHN,2002,CRHS,1,1,1
CHN,2002,CUHS,1,1,2
CHN,2002,CRHS-CUHS,1,1,4
CHN,2005,CRHS,1,1,1
CHN,2005,CUHS,1,1,2
CHN,2005,CRHS-CUHS,1,1,4
CHN,2008,CRHS,1,1,1
CHN,2008,CUHS,1,1,2
CHN,2008,CRHS-CUHS,1,1,4
CHN,2010,CRHS,1,1,1
CHN,2010,CUHS,1,1,2
CHN,2010,CRHS-CUHS,1,1,4
CHN,2011,CRHS,1,1,1
CHN,2011,CUHS,1,1,2
CHN,2011,CRHS-CUHS,1,1,4
CHN,2012,CNIHS,1,1,1
CHN,2012,CNIHS,1,1,2
CHN,2012,CNIHS,1,1,4
CHN,2013,CNIHS,1,2,1
CHN,2013,CNIHS,1,2,2
CHN,2013,CNIHS,1,2,4
CHN,2014,CNIHS,1,2,1
CHN,2014,CNIHS,1,2,2
CHN,2014,CNIHS,1,2,4
CHN,2015,CNIHS,1,2,1
CHN,2015,CNIHS,1,2,2
CHN,2015,CNIHS,1,2,4
CHN,2016,CNIHS,1,2,1
CHN,2016,CNIHS,1,2,2
CHN,2016,CNIHS,1,2,4
CIV,1985,EPAM,1,0,3
CIV,1986,EPAM,1,0,3
CIV,1987,EPAM,1,0,3
CIV,1988,EPAM,1,0,3
CIV,1992,EP,1,1,3
CIV,1995,ENV,1,1,3
CIV,1998,ENV,1,1,3
CIV,2002,ENV,1,2,3
CIV,2008,ENV,1,2,3
CIV,2015,ENV,1,2,3
CMR,1996,ECAM-I,1,0,3
CMR,2001,ECAM-II,1,1,3
CMR,2007,ECAM-III,1,1,3
CMR,2014,ECAM-IV,1,1,3
COD,2004,E123,1,0,3
COD,2012,E123,1,0,3
COG,2005,ECOM,1,0,3
COG,2011,ECOM,1,0,3
COL,1980,ENH,2,0,2
COL,1988,ENH,2,1,2
COL,1989,ENH,2,1,2
COL,1991,ENH,2,1,2
COL,1992,ENH,2,1,3
COL,1996,ENH,2,1,3
COL,1999,ENH,2,1,3
COL,2000,ENH,2,1,3
COL,2001,ECH,2,2,3
COL,2002,ECH,2,2,3
COL,2003,ECH,2,2,3
COL,2004,ECH,2,2,3
COL,2005,ECH,2,2,3
COL,2008,GEIH,2,3,3
COL,2009,GEIH,2,3,3
COL,2010,GEIH,2,3,3
COL,2011,GEIH,2,3,3
COL,2012,GEIH,2,3,3
COL,2013,GEIH,2,3,3
COL,2014,GEIH,2,3,3
COL,2015,GEIH,2,3,3
COL,2016,GEIH,2,3,3
COL,2017,GEIH,2,3,3
COL,2018,GEIH,2,3,3
COM,2004,EIM,1,0,3
COM,2014,EESIC,1,1,3
CPV,2001,IDRF,1,0,3
CPV,2007,QUIBB,1,1,3
CPV,2015,IDRF,1,2,3
CRI,1981,ENH,2,0,3
CRI,1986,ENH,2,0,3
CRI,1989,EHPM,2,1,3
CRI,1990,EHPM,2,1,3
CRI,1991,EHPM,2,1,3
CRI,1992,EHPM,2,1,3
CRI,1993,EHPM,2,1,3
CRI,1994,EHPM,2,1,3
CRI,1995,EHPM,2,1,3
CRI,1996,EHPM,2,1,3
CRI,1997,EHPM,2,1,3
CRI,1998,EHPM,2,1,3
CRI,1999,EHPM,2,1,3
CRI,2000,EHPM,2,1,3
CRI,2001,EHPM,2,1,3
CRI,2002,EHPM,2,1,3
CRI,2003,EHPM,2,1,3
CRI,2004,EHPM,2,1,3
CRI,2005,EHPM,2,1,3
CRI,2006,EHPM,2,1,3
CRI,2007,EHPM,2,1,3
CRI,2008,EHPM,2,1,3
CRI,2009,EHPM,2,1,3
CRI,2010,ENAHO,2,2,3
CRI,2011,ENAHO,2,2,3
CRI,2012,ENAHO,2,2,3
CRI,2013,ENAHO,2,2,3
CRI,2014,ENAHO,2,2,3
CRI,2015,ENAHO,2,2,3
CRI,2016,ENAHO,2,2,3
CRI,2017,ENAHO,2,2,3
CRI,2018,ENAHO,2,2,3
CYP,2004,EU-SILC,2,0,3
CYP,2005,EU-SILC,2,0,3
CYP,2006,EU-SILC,2,0,3
CYP,2007,EU-SILC,2,0,3
CYP,2008,EU-SILC,2,0,3
CYP,2009,EU-SILC,2,0,3
CYP,2010,EU-SILC,2,0,3
CYP,2011,EU-SILC,2,0,3
CYP,2012,EU-SILC,2,0,3
CYP,2013,EU-SILC,2,0,3
CYP,2014,EU-SILC,2,0,3
CYP,2015,EU-SILC,2,0,3
CYP,2016,EU-SILC,2,0,3
CYP,2017,EU-SILC,2,0,3
CZE,1992,MC-LIS,2,0,3
CZE,1993,CM,2,0,3
CZE,1996,MC-LIS,2,0,3
CZE,2002,MC-LIS,2,0,3
CZE,2004,EU-SILC,2,1,3
CZE,2005,EU-SILC,2,1,3
CZE,2006,EU-SILC,2,1,3
CZE,2007,EU-SILC,2,1,3
CZE,2008,EU-SILC,2,1,3
CZE,2009,EU-SILC,2,1,3
CZE,2010,EU-SILC,2,1,3
CZE,2011,EU-SILC,2,1,3
CZE,2012,EU-SILC,2,1,3
CZE,2013,EU-SILC,2,1,3
CZE,2014,EU-SILC,2,1,3
CZE,2015,EU-SILC,2,1,3
CZE,2016,EU-SILC,2,1,3
CZE,2017,EU-SILC,2,1,3
DEU,1991,GSOEP-LIS,2,2,3
DEU,1994,GSOEP-LIS,2,2,3
DEU,1995,GSOEP-LIS,2,2,3
DEU,1998,GSOEP-LIS,2,2,3
DEU,2000,GSOEP-LIS,2,2,3
DEU,2001,GSOEP-LIS,2,2,3
DEU,2002,GSOEP-LIS,2,2,3
DEU,2003,GSOEP-LIS,2,2,3
DEU,2004,GSOEP-LIS,2,2,3
DEU,2005,GSOEP-LIS,2,2,3
DEU,2006,GSOEP-LIS,2,2,3
DEU,2007,GSOEP-LIS,2,2,3
DEU,2008,GSOEP-LIS,2,2,3
DEU,2009,GSOEP-LIS,2,2,3
DEU,2010,GSOEP-LIS,2,2,3
DEU,2011,GSOEP-LIS,2,2,3
DEU,2013,GSOEP-LIS,2,2,3
DEU,2015,GSOEP-LIS,2,2,3
DEU,2016,GSOEP-LIS,2,2,3
DJI,2002,EDAM,1,0,3
DJI,2012,EDAM,1,1,3
DJI,2013,EDAM,1,2,3
DJI,2017,EDAM,1,3,3
DNK,1987,LM-LIS,2,0,3
DNK,1992,LM-LIS,2,0,3
DNK,1995,LM-LIS,2,0,3
DNK,2000,LM-LIS,2,0,3
DNK,2003,EU-SILC,2,1,3
DNK,2004,EU-SILC,2,1,3
DNK,2005,EU-SILC,2,1,3
DNK,2006,EU-SILC,2,1,3
DNK,2007,EU-SILC,2,1,3
DNK,2008,EU-SILC,2,1,3
DNK,2009,EU-SILC,2,1,3
DNK,2010,EU-SILC,2,1,3
DNK,2011,EU-SILC,2,1,3
DNK,2012,EU-SILC,2,1,3
DNK,2013,EU-SILC,2,1,3
DNK,2014,EU-SILC,2,1,3
DNK,2015,EU-SILC,2,1,3
DNK,2016,EU-SILC,2,1,3
DNK,2017,EU-SILC,2,1,3
DOM,1986,ENGSLF,2,0,3
DOM,1989,ENGSLF,2,1,3
DOM,1992,ICS,2,2,3
DOM,1996,ENFT,2,3,3
DOM,1997,ENFT,2,3,3
DOM,2000,ENFT,2,3,3
DOM,2001,ENFT,2,4,3
DOM,2002,ENFT,2,4,3
DOM,2003,ENFT,2,4,3
DOM,2004,ENFT,2,4,3
DOM,2005,ENFT,2,5,3
DOM,2006,ENFT,2,5,3
DOM,2007,ENFT,2,5,3
DOM,2008,ENFT,2,5,3
DOM,2009,ENFT,2,5,3
DOM,2010,ENFT,2,5,3
DOM,2011,ENFT,2,5,3
DOM,2012,ENFT,2,5,3
DOM,2013,ENFT,2,5,3
DOM,2014,ENFT,2,5,3
DOM,2015,ENFT,2,5,3
DOM,2016,ENFT,2,5,3
DOM,2017,ECNFT-Q03,2,6,3
DOM,2018,ECNFT-Q03,2,6,3
DZA,1988,EDCM,1,0,3
DZA,1995,ENMNV,1,1,3
DZA,2011,ENCNVM,1,2,3
ECU,1994,ECV,2,1,3
ECU,1995,EPED,2,2,2
ECU,1998,EPED,2,3,2
ECU,1999,ECV,2,3,3
ECU,2000,EPED,2,4,3
ECU,2003,ENEMDU,2,4,3
ECU,2004,ENEMDU,2,4,3
ECU,2005,ENEMDU,2,4,3
ECU,2006,ENEMDU,2,4,3
ECU,2007,ENEMDU,2,5,3
ECU,2008,ENEMDU,2,5,3
ECU,2009,ENEMDU,2,5,3
ECU,2010,ENEMDU,2,5,3
ECU,2011,ENEMDU,2,5,3
ECU,2012,ENEMDU,2,5,3
ECU,2013,ENEMDU,2,5,3
ECU,2014,ENEMDU,2,5,3
ECU,2015,ENEMDU,2,5,3
ECU,2016,ENEMDU,2,5,3
ECU,2017,ENEMDU,2,5,3
ECU,2018,ENEMDU,2,5,3
EGY,1990,HIECS,1,0,3
EGY,1995,HIECS,1,0,3
EGY,1999,HIECS,1,1,3
EGY,2004,HIECS,1,2,3
EGY,2008,HIECS,1,2,3
EGY,2010,HIECS,1,3,3
EGY,2012,HIECS,1,3,3
EGY,2015,HIECS,1,3,3
EGY,2017,HIECS,1,3,3
ESP,1980,HBS-LIS,2,0,3
ESP,1985,HBS-LIS,2,0,3
ESP,1990,HBS-LIS,2,0,3
ESP,1995,ECHP-LIS,2,1,3
ESP,2000,ECHP-LIS,2,1,3
ESP,2003,EU-SILC,2,2,3
ESP,2004,EU-SILC,2,2,3
ESP,2005,EU-SILC,2,2,3
ESP,2006,EU-SILC,2,2,3
ESP,2007,EU-SILC,2,2,3
ESP,2008,EU-SILC,2,2,3
ESP,2009,EU-SILC,2,2,3
ESP,2010,EU-SILC,2,2,3
ESP,2011,EU-SILC,2,2,3
ESP,2012,EU-SILC,2,2,3
ESP,2013,EU-SILC,2,2,3
ESP,2014,EU-SILC,2,2,3
ESP,2015,EU-SILC,2,2,3
ESP,2016,EU-SILC,2,2,3
ESP,2017,EU-SILC,2,2,3
EST,1993,HIES,2,0,3
EST,1995,HIES,1,1,3
EST,1998,HIES,1,1,3
EST,2000,HBS,1,2,3
EST,2001,HBS,1,2,3
EST,2002,HBS,1,2,3
EST,2003,HBS,1,2,3
EST,2003,EU-SILC,2,3,3
EST,2004,HBS,1,2,3
EST,2004,EU-SILC,2,3,3
EST,2005,EU-SILC,2,3,3
EST,2006,EU-SILC,2,3,3
EST,2007,EU-SILC,2,3,3
EST,2008,EU-SILC,2,3,3
EST,2009,EU-SILC,2,3,3
EST,2010,EU-SILC,2,3,3
EST,2011,EU-SILC,2,3,3
EST,2012,EU-SILC,2,3,3
EST,2013,EU-SILC,2,3,3
EST,2014,EU-SILC,2,3,3
EST,2015,EU-SILC,2,3,3
EST,2016,EU-SILC,2,3,3
EST,2017,EU-SILC,2,3,3
ETH,1981,HICES,1,0,1
ETH,1995,HICES,1,1,3
ETH,1999,HICES,1,1,3
ETH,2004,HICES,1,1,3
ETH,2010,HICES,1,1,3
ETH,2015,HICES,1,1,3
FIN,1987,IDS-LIS,2,0,3
FIN,1991,IDS-LIS,2,0,3
FIN,1995,IDS-LIS,2,0,3
FIN,2000,IDS-LIS,2,0,3
FIN,2003,EU-SILC,2,1,3
FIN,2004,EU-SILC,2,1,3
FIN,2005,EU-SILC,2,1,3
FIN,2006,EU-SILC,2,1,3
FIN,2007,EU-SILC,2,1,3
FIN,2008,EU-SILC,2,1,3
FIN,2009,EU-SILC,2,1,3
FIN,2010,EU-SILC,2,1,3
FIN,2011,EU-SILC,2,1,3
FIN,2012,EU-SILC,2,1,3
FIN,2013,EU-SILC,2,1,3
FIN,2014,EU-SILC,2,1,3
FIN,2015,EU-SILC,2,1,3
FIN,2016,EU-SILC,2,1,3
FIN,2017,EU-SILC,2,1,3
FJI,2002,HIES,1,0,3
FJI,2008,HIES,1,0,3
FJI,2013,HIES,1,0,3
FRA,1978,HBS-LIS,2,0,3
FRA,1984,HBS-LIS,2,0,3
FRA,1989,HBS-LIS,2,0,3
FRA,1994,HBS-LIS,2,0,3
FRA,2000,HBS-LIS,2,0,3
FRA,2003,EU-SILC,2,1,3
FRA,2004,EU-SILC,2,1,3
FRA,2005,EU-SILC,2,1,3
FRA,2006,EU-SILC,2,1,3
FRA,2007,EU-SILC,2,1,3
FRA,2008,EU-SILC,2,1,3
FRA,2009,EU-SILC,2,1,3
FRA,2010,EU-SILC,2,1,3
FRA,2011,EU-SILC,2,1,3
FRA,2012,EU-SILC,2,1,3
FRA,2013,EU-SILC,2,1,3
FRA,2014,EU-SILC,2,1,3
FRA,2015,EU-SILC,2,1,3
FRA,2016,EU-SILC,2,1,3
FRA,2017,EU-SILC,2,1,3
FSM,2000,CPH,2,0,2
FSM,2005,HIES,1,1,3
FSM,2013,HIES,1,2,3
GAB,2005,EGEP,1,0,3
GAB,2017,EGEP,1,1,3
GBR,1969,FES-LIS,2,0,3
GBR,1974,FES-LIS,2,0,3
GBR,1979,FES-LIS,2,0,3
GBR,1986,FES-LIS,2,0,3
GBR,1991,FES-LIS,2,0,3
GBR,1994,FRS-LIS,2,1,3
GBR,1995,FES-LIS,2,0,3
GBR,1999,FRS-LIS,2,1,3
GBR,2004,EU-SILC,2,2,3
GBR,2005,EU-SILC,2,2,3
GBR,2006,EU-SILC,2,2,3
GBR,2007,EU-SILC,2,2,3
GBR,2008,EU-SILC,2,2,3
GBR,2009,EU-SILC,2,2,3
GBR,2010,EU-SILC,2,2,3
GBR,2011,EU-SILC,2,2,3
GBR,2012,EU-SILC,2,2,3
GBR,2013,EU-SILC,2,2,3
GBR,2014,EU-SILC,2,2,3
GBR,2015,EU-SILC,2,2,3
GBR,2016,EU-SILC,2,2,3
GEO,1996,SGH,1,0,3
GEO,1997,HIS,1,2,3
GEO,1998,HIS,1,2,3
GEO,1999,HIS,1,2,3
GEO,2000,HIS,1,2,3
GEO,2001,HIS,1,2,3
GEO,2002,HIS,1,2,3
GEO,2003,HIS,1,2,3
GEO,2004,HIS,1,2,3
GEO,2005,HIS,1,2,3
GEO,2006,HIS,1,2,3
GEO,2007,HIS,1,2,3
GEO,2008,HIS,1,2,3
GEO,2009,HIS,1,2,3
GEO,2010,HIS,1,2,3
GEO,2011,HIS,1,2,3
GEO,2012,HIS,1,2,3
GEO,2013,HIS,1,2,3
GEO,2014,HIS,1,2,3
GEO,2015,HIS,1,2,3
GEO,2016,HIS,1,2,3
GEO,2017,HIS,1,2,3
GEO,2018,HIS,1,2,3
GHA,1987,GLSS-I,1,0,3
GHA,1988,GLSS-II,1,0,3
GHA,1991,GLSS-III,1,1,3
GHA,1998,GLSS-IV,1,1,3
GHA,2005,GLSS-V,1,1,3
GHA,2012,GLSS-VI,1,1,3
GHA,2016,GLSS-VII,1,1,3
GIN,1991,ESIP,1,0,3
GIN,1994,EIBC,1,1,3
GIN,2002,EIBEP,1,2,3
GIN,2007,ELEP,1,3,3
GIN,2012,ELEP,1,3,3
GMB,1998,HPS,1,0,3
GMB,2003,HIS,1,1,3
GMB,2010,IHS,1,2,3
GMB,2015,IHS,1,3,3
GNB,1991,ILJF,1,0,3
GNB,1993,ICOF,1,1,3
GNB,2002,ILAP-I,1,2,3
GNB,2010,ILAP-II,1,3,3
GRC,1995,ECHP-LIS,2,0,3
GRC,2000,ECHP-LIS,2,0,3
GRC,2003,EU-SILC,2,1,3
GRC,2004,EU-SILC,2,1,3
GRC,2005,EU-SILC,2,1,3
GRC,2006,EU-SILC,2,1,3
GRC,2007,EU-SILC,2,1,3
GRC,2008,EU-SILC,2,1,3
GRC,2009,EU-SILC,2,1,3
GRC,2010,EU-SILC,2,1,3
GRC,2011,EU-SILC,2,1,3
GRC,2012,EU-SILC,2,1,3
GRC,2013,EU-SILC,2,1,3
GRC,2014,EU-SILC,2,1,3
GRC,2015,EU-SILC,2,1,3
GRC,2016,EU-SILC,2,1,3
GRC,2017,EU-SILC,2,1,3
GTM,1986,ENSD,2,0,3
GTM,1989,ENSD,2,0,3
GTM,1998,ENIGF,2,1,3
GTM,2000,ENCOVI,2,2,3
GTM,2006,ENCOVI,2,2,3
GTM,2014,ENCOVI,2,2,3
GUY,1992,GLSMS,2,0,3
GUY,1998,GLSMS,2,0,3
HND,1986,ECSFT,2,0,2
HND,1989,EPHPM,2,1,3
HND,1990,EPHPM,2,2,3
HND,1991,EPHPM,2,3,3
HND,1992,EPHPM,2,3,3
HND,1993,EPHPM,2,3,3
HND,1994,EPHPM,2,3,3
HND,1995,EPHPM,2,3,3
HND,1996,EPHPM,2,3,3
HND,1997,EPHPM,2,3,3
HND,1998,EPHPM,2,3,3
HND,1999,EPHPM,2,3,3
HND,2001,EPHPM,2,4,3
HND,2002,EPHPM,2,4,3
HND,2003,EPHPM,2,4,3
HND,2004,EPHPM,2,4,3
HND,2005,EPHPM,2,4,3
HND,2006,EPHPM,2,4,3
HND,2007,EPHPM,2,4,3
HND,2008,EPHPM,2,4,3
HND,2009,EPHPM,2,4,3
HND,2010,EPHPM,2,4,3
HND,2011,EPHPM,2,4,3
HND,2012,EPHPM,2,4,3
HND,2013,EPHPM,2,4,3
HND,2014,EPHPM,2,4,3
HND,2015,EPHPM,2,4,3
HND,2016,EPHPM,2,4,3
HND,2017,EPHPM,2,4,3
HND,2018,EPHPM,2,4,3
HRV,1988,HBS,2,0,3
HRV,1998,HBS,1,1,3
HRV,1999,HBS,1,2,3
HRV,2000,HBS,1,2,3
HRV,2001,HBS,1,2,3
HRV,2004,HBS,1,1,3
HRV,2008,HBS,1,1,3
HRV,2009,HBS,1,1,3
HRV,2009,EU-SILC,2,3,3
HRV,2010,HBS,1,1,3
HRV,2010,EU-SILC,2,3,3
HRV,2011,EU-SILC,2,3,3
HRV,2012,EU-SILC,2,3,3
HRV,2013,EU-SILC,2,3,3
HRV,2014,EU-SILC,2,3,3
HRV,2015,EU-SILC,2,3,3
HRV,2016,EU-SILC,2,3,3
HRV,2017,EU-SILC,2,3,3
HTI,2001,ECVH,2,0,3
HTI,2012,ECVMAS,1,1,3
HTI,2012,ECVMAS,2,1,3
HUN,1987,HBS,2,0,3
HUN,1989,HBS,2,0,3
HUN,1991,HHP-LIS,2,1,3
HUN,1993,HBS,2,0,3
HUN,1994,HHP-LIS,2,1,3
HUN,1998,HBS,1,3,3
HUN,1999,HBS,1,3,3
HUN,1999,THMS-LIS,2,2,3
HUN,2000,HBS,1,3,3
HUN,2001,HBS,1,3,3
HUN,2002,HBS,1,3,3
HUN,2003,HBS,1,3,3
HUN,2004,HBS,1,3,3
HUN,2004,EU-SILC,2,4,3
HUN,2005,HBS,1,3,3
HUN,2005,EU-SILC,2,4,3
HUN,2006,HBS,1,3,3
HUN,2006,EU-SILC,2,4,3
HUN,2007,HBS,1,3,3
HUN,2007,EU-SILC,2,4,3
HUN,2008,EU-SILC,2,4,3
HUN,2009,EU-SILC,2,4,3
HUN,2010,EU-SILC,2,4,3
HUN,2011,EU-SILC,2,4,3
HUN,2012,EU-SILC,2,4,3
HUN,2013,EU-SILC,2,4,3
HUN,2014,EU-SILC,2,4,3
HUN,2015,EU-SILC,2,4,3
HUN,2016,EU-SILC,2,4,3
HUN,2017,EU-SILC,2,4,3
IDN,1984,SUSENAS,1,0,1
IDN,1984,SUSENAS,1,0,2
IDN,1984,SUSENAS,1,0,4
IDN,1987,SUSENAS,1,0,1
IDN,1987,SUSENAS,1,0,2
IDN,1987,SUSENAS,1,0,4
IDN,1990,SUSENAS,1,0,1
IDN,1990,SUSENAS,1,0,2
IDN,1990,SUSENAS,1,0,4
IDN,1993,SUSENAS,1,1,1
IDN,1993,SUSENAS,1,1,2
IDN,1993,SUSENAS,1,1,4
IDN,1996,SUSENAS,1,1,1
IDN,1996,SUSENAS,1,1,2
IDN,1996,SUSENAS,1,1,4
IDN,1998,SUSENAS,1,1,1
IDN,1998,SUSENAS,1,1,2
IDN,1998,SUSENAS,1,1,4
IDN,1999,SUSENAS,1,1,1
IDN,1999,SUSENAS,1,1,2
IDN,1999,SUSENAS,1,1,4
IDN,2000,SUSENAS,1,2,1
IDN,2000,SUSENAS,1,2,2
IDN,2000,SUSENAS,1,2,4
IDN,2001,SUSENAS,1,2,1
IDN,2001,SUSENAS,1,2,2
IDN,2001,SUSENAS,1,2,4
IDN,2002,SUSENAS,1,2,1
IDN,2002,SUSENAS,1,2,2
IDN,2002,SUSENAS,1,2,4
IDN,2003,SUSENAS,1,2,1
IDN,2003,SUSENAS,1,2,2
IDN,2003,SUSENAS,1,2,4
IDN,2004,SUSENAS,1,2,1
IDN,2004,SUSENAS,1,2,2
IDN,2004,SUSENAS,1,2,4
IDN,2005,SUSENAS,1,3,1
IDN,2005,SUSENAS,1,3,2
IDN,2005,SUSENAS,1,3,4
IDN,2006,SUSENAS,1,3,1
IDN,2006,SUSENAS,1,3,2
IDN,2006,SUSENAS,1,3,4
IDN,2007,SUSENAS,1,3,1
IDN,2007,SUSENAS,1,3,2
IDN,2007,SUSENAS,1,3,4
IDN,2008,SUSENAS,1,3,1
IDN,2008,SUSENAS,1,3,2
IDN,2008,SUSENAS,1,3,4
IDN,2009,SUSENAS,1,3,1
IDN,2009,SUSENAS,1,3,2
IDN,2009,SUSENAS,1,3,4
IDN,2010,SUSENAS,1,3,1
IDN,2010,SUSENAS,1,3,2
IDN,2010,SUSENAS,1,3,4
IDN,2011,SUSENAS,1,4,1
IDN,2011,SUSENAS,1,4,2
IDN,2011,SUSENAS,1,4,4
IDN,2012,SUSENAS,1,4,1
IDN,2012,SUSENAS,1,4,2
IDN,2012,SUSENAS,1,4,4
IDN,2013,SUSENAS,1,4,1
IDN,2013,SUSENAS,1,4,2
IDN,2013,SUSENAS,1,4,4
IDN,2014,SUSENAS,1,4,1
IDN,2014,SUSENAS,1,4,2
IDN,2014,SUSENAS,1,4,4
IDN,2015,SUSENAS,1,5,1
IDN,2015,SUSENAS,1,5,2
IDN,2015,SUSENAS,1,5,4
IDN,2016,SUSENAS,1,5,1
IDN,2016,SUSENAS,1,5,2
IDN,2016,SUSENAS,1,5,4
IDN,2017,SUSENAS,1,5,1
IDN,2017,SUSENAS,1,5,2
IDN,2017,SUSENAS,1,5,4
IDN,2018,SUSENAS,1,5,1
IDN,2018,SUSENAS,1,5,2
IDN,2018,SUSENAS,1,5,4
IND,1977,NSS,1,0,1
IND,1977,NSS,1,0,2
IND,1977,NSS,1,0,4
IND,1983,NSS,1,1,1
IND,1983,NSS,1,1,2
IND,1983,NSS,1,1,4
IND,1987,NSS-SCH1,1,2,1
IND,1987,NSS-SCH1,1,2,2
IND,1987,NSS-SCH1,1,2,4
IND,1993,NSS-SCH1,1,3,1
IND,1993,NSS-SCH1,1,3,2
IND,1993,NSS-SCH1,1,3,4
IND,2004,NSS-SCH1,1,3,1
IND,2004,NSS-SCH1,1,3,2
IND,2004,NSS-SCH1,1,3,4
IND,2009,NSS-SCH1,1,3,1
IND,2009,NSS-SCH1,1,3,2
IND,2009,NSS-SCH1,1,3,4
IND,2011,NSS-SCH1,1,3,1
IND,2011,NSS-SCH1,1,3,2
IND,2011,NSS-SCH1,1,3,4
IRL,1987,SIDPUSS-LIS,2,0,3
IRL,1994,LIS-ECHP-LIS,2,1,3
IRL,1995,LIS-ECHP-LIS,2,1,3
IRL,1996,LIS-ECHP-LIS,2,1,3
IRL,2000,LIS-ECHP-LIS,2,1,3
IRL,2003,EU-SILC,2,2,3
IRL,2004,EU-SILC,2,2,3
IRL,2005,EU-SILC,2,2,3
IRL,2006,EU-SILC,2,2,3
IRL,2007,EU-SILC,2,2,3
IRL,2008,EU-SILC,2,2,3
IRL,2009,EU-SILC,2,2,3
IRL,2010,EU-SILC,2,2,3
IRL,2011,EU-SILC,2,2,3
IRL,2012,EU-SILC,2,2,3
IRL,2013,EU-SILC,2,2,3
IRL,2014,EU-SILC,2,2,3
IRL,2015,EU-SILC,2,2,3
IRL,2016,EU-SILC,2,2,3
IRN,1986,SECH,1,0,3
IRN,1990,SECH,1,0,3
IRN,1994,SECH,1,0,3
IRN,1998,SECH,1,0,3
IRN,2005,HEIS,1,1,3
IRN,2006,HEIS,1,1,3
IRN,2009,HEIS,1,1,3
IRN,2013,HEIS,1,1,3
IRN,2014,HEIS,1,1,3
IRN,2015,HEIS,1,1,3
IRN,2016,HEIS,1,1,3
IRN,2017,HEIS,1,1,3
IRQ,2006,IHSES,1,0,3
IRQ,2012,IHSES,1,0,3
ISL,2003,EU-SILC,2,0,3
ISL,2004,EU-SILC,2,0,3
ISL,2005,EU-SILC,2,0,3
ISL,2006,EU-SILC,2,0,3
ISL,2007,EU-SILC,2,0,3
ISL,2008,EU-SILC,2,0,3
ISL,2009,EU-SILC,2,0,3
ISL,2010,EU-SILC,2,0,3
ISL,2011,EU-SILC,2,0,3
ISL,2012,EU-SILC,2,0,3
ISL,2013,EU-SILC,2,0,3
ISL,2014,EU-SILC,2,0,3
ISL,2015,EU-SILC,2,0,3
ISR,1979,HES-LIS,2,0,3
ISR,1986,HES-LIS,2,0,3
ISR,1992,HES-LIS,2,0,3
ISR,1997,HES-LIS,2,0,3
ISR,2001,HES-LIS,2,0,3
ISR,2005,HES-LIS,2,0,3
ISR,2007,HES-LIS,2,0,3
ISR,2010,HES-LIS,2,0,3
ISR,2012,HES-LIS,2,0,3
ISR,2014,HES-LIS,2,0,3
ISR,2016,HES-LIS,2,0,3
ITA,1986,SHIW-LIS,2,0,3
ITA,1987,SHIW-LIS,2,0,3
ITA,1989,SHIW-LIS,2,0,3
ITA,1991,SHIW-LIS,2,0,3
ITA,1993,SHIW-LIS,2,0,3
ITA,1995,SHIW-LIS,2,0,3
ITA,1998,SHIW-LIS,2,0,3
ITA,2000,SHIW-LIS,2,0,3
ITA,2003,EU-SILC,2,1,3
ITA,2004,EU-SILC,2,1,3
ITA,2005,EU-SILC,2,1,3
ITA,2006,EU-SILC,2,1,3
ITA,2007,EU-SILC,2,1,3
ITA,2008,EU-SILC,2,1,3
ITA,2009,EU-SILC,2,1,3
ITA,2010,EU-SILC,2,1,3
ITA,2011,EU-SILC,2,1,3
ITA,2012,EU-SILC,2,1,3
ITA,2013,EU-SILC,2,1,3
ITA,2014,EU-SILC,2,1,3
ITA,2015,EU-SILC,2,1,3
ITA,2016,EU-SILC,2,1,3
ITA,2017,EU-SILC,2,1,3
JAM,1988,SLC,1,0,3
JAM,1990,SLC,1,1,3
JAM,1993,SLC,1,0,3
JAM,1996,SLC,1,1,3
JAM,1999,SLC,1,1,3
JAM,2002,SLC,1,1,3
JAM,2004,SLC,1,1,3
JOR,1986,HEIS,1,0,3
JOR,1992,HEIS,1,0,3
JOR,1997,HEIS,1,0,3
JOR,2002,HEIS,1,1,3
JOR,2006,HEIS,1,2,3
JOR,2008,HEIS,1,3,3
JOR,2010,HEIS,1,3,3
JPN,2008,JHPS-LIS,2,0,3
JPN,2010,JHPS-LIS,2,0,3
JPN,2013,JHPS-LIS,2,0,3
KAZ,1993,HBS,2,0,3
KAZ,1996,LSMS,1,1,3
KAZ,2001,HBS,1,2,3
KAZ,2002,HBS,1,2,3
KAZ,2003,HBS,1,2,3
KAZ,2004,HBS,1,2,3
KAZ,2005,HBS,1,3,3
KAZ,2006,HBS,1,3,3
KAZ,2007,HBS,1,3,3
KAZ,2008,HBS,1,3,3
KAZ,2009,HBS,1,3,3
KAZ,2010,HBS,1,3,3
KAZ,2011,HBS,1,3,3
KAZ,2012,HBS,1,3,3
KAZ,2013,HBS,1,3,3
KAZ,2014,HBS,1,3,3
KAZ,2015,HBS,1,3,3
KAZ,2016,HBS,1,3,3
KAZ,2017,HBS,1,3,3
KEN,1992,WMS-I,1,0,3
KEN,1994,WMS-II,1,1,3
KEN,1997,WMS-III,1,2,3
KEN,2005,IHBS,1,3,3
KEN,2015,IHBS,1,3,3
KGZ,1998,HBS,1,1,3
KGZ,2000,HBS,1,1,3
KGZ,2001,HBS,1,1,3
KGZ,2002,HBS,1,1,3
KGZ,2003,HBS,1,1,3
KGZ,2004,KIHS,1,2,3
KGZ,2005,KIHS,1,2,3
KGZ,2006,KIHS,1,2,3
KGZ,2007,KIHS,1,2,3
KGZ,2008,KIHS,1,2,3
KGZ,2009,KIHS,1,2,3
KGZ,2010,KIHS,1,2,3
KGZ,2011,KIHS,1,2,3
KGZ,2012,KIHS,1,2,3
KGZ,2013,KIHS,1,2,3
KGZ,2014,KIHS,1,2,3
KGZ,2015,KIHS,1,2,3
KGZ,2016,KIHS,1,2,3
KGZ,2017,KIHS,1,2,3
KGZ,2018,KIHS,1,2,3
KIR,2006,HIES,1,0,3
KOR,2006,HIES-FHES-LIS,2,0,3
KOR,2008,HIES-FHES-LIS,2,0,3
KOR,2010,HIES-FHES-LIS,2,0,3
KOR,2012,HIES-FHES-LIS,2,0,3
LAO,1992,LECS,1,0,3
LAO,1997,LECS,1,0,3
LAO,2002,LECS,1,0,3
LAO,2007,LECS,1,0,3
LAO,2012,LECS,1,0,3
LBN,2011,HBS,1,0,3
LBR,2007,CWIQ,1,0,3
LBR,2014,HIES,1,1,3
LBR,2016,HIES,1,1,3
LCA,1995,LSMS,2,0,3
LCA,2016,SLC-HBS,2,1,3
LKA,1985,LFSS,1,0,3
LKA,1990,HIES,1,1,3
LKA,1995,SES,1,2,3
LKA,2002,HIES,1,3,3
LKA,2006,HIES,1,3,3
LKA,2009,HIES,1,3,3
LKA,2012,HIES,1,3,3
LKA,2016,HIES,1,3,3
LSO,1986,HBS,1,0,3
LSO,1994,NHECS,1,1,3
LSO,2002,HBS,1,2,3
LSO,2017,CMSHBS,1,4,3
LTU,1993,HBS,2,0,3
LTU,1996,HBS,1,1,3
LTU,1998,HBS,1,2,3
LTU,1999,HBS,1,2,3
LTU,2000,HBS,1,2,3
LTU,2001,HBS,1,2,3
LTU,2002,HBS,1,2,3
LTU,2003,HBS,1,2,3
LTU,2004,HBS,1,2,3
LTU,2004,EU-SILC,2,3,3
LTU,2005,EU-SILC,2,3,3
LTU,2006,EU-SILC,2,3,3
LTU,2007,EU-SILC,2,3,3
LTU,2008,HBS,1,2,3
LTU,2008,EU-SILC,2,3,3
LTU,2009,EU-SILC,2,3,3
LTU,2010,EU-SILC,2,3,3
LTU,2011,EU-SILC,2,3,3
LTU,2012,EU-SILC,2,3,3
LTU,2013,EU-SILC,2,3,3
LTU,2014,EU-SILC,2,3,3
LTU,2015,EU-SILC,2,3,3
LTU,2016,EU-SILC,2,3,3
LTU,2017,EU-SILC,2,3,3
LUX,1985,PSELL-LIS,2,0,3
LUX,1991,PSELL-LIS,2,0,3
LUX,1994,PSELL-ECHP-LIS,2,0,3
LUX,1997,PSELL-ECHP-LIS,2,0,3
LUX,2000,PSELL-ECHP-LIS,2,0,3
LUX,2003,EU-SILC,2,1,3
LUX,2004,EU-SILC,2,1,3
LUX,2005,EU-SILC,2,1,3
LUX,2006,EU-SILC,2,1,3
LUX,2007,EU-SILC,2,1,3
LUX,2008,EU-SILC,2,1,3
LUX,2009,EU-SILC,2,1,3
LUX,2010,EU-SILC,2,1,3
LUX,2011,EU-SILC,2,1,3
LUX,2012,EU-SILC,2,1,3
LUX,2013,EU-SILC,2,1,3
LUX,2014,EU-SILC,2,1,3
LUX,2015,EU-SILC,2,1,3
LUX,2016,EU-SILC,2,1,3
LUX,2017,EU-SILC,2,1,3
LVA,1993,HBS,2,0,3
LVA,1995,HBS,2,0,3
LVA,1996,HBS,2,0,3
LVA,1997,HBS,1,1,3
LVA,1998,HBS,1,1,3
LVA,2002,HBS,1,1,3
LVA,2003,HBS,1,1,3
LVA,2004,HBS,1,1,3
LVA,2004,EU-SILC,2,2,3
LVA,2005,EU-SILC,2,2,3
LVA,2006,EU-SILC,2,2,3
LVA,2007,HBS,1,1,3
LVA,2007,EU-SILC,2,2,3
LVA,2008,HBS,1,1,3
LVA,2008,EU-SILC,2,2,3
LVA,2009,HBS,1,1,3
LVA,2009,EU-SILC,2,2,3
LVA,2010,EU-SILC,2,2,3
LVA,2011,EU-SILC,2,2,3
LVA,2012,EU-SILC,2,2,3
LVA,2013,EU-SILC,2,2,3
LVA,2014,EU-SILC,2,2,3
LVA,2015,EU-SILC,2,2,3
LVA,2016,EU-SILC,2,2,3
LVA,2017,EU-SILC,2,2,3
MAR,1984,ECDM,1,0,3
MAR,1990,ENCV,1,0,3
MAR,1998,ENNVM,1,0,3
MAR,2000,ENCDM,1,1,3
MAR,2006,ENNVM,1,1,3
MAR,2013,ENCDM,1,1,3
MDA,1997,HBS,1,0,3
MDA,1998,HBS,1,0,3
MDA,1999,HBS,1,0,3
MDA,2000,HBS,1,0,3
MDA,2001,HBS,1,0,3
MDA,2002,HBS,1,0,3
MDA,2003,HBS,1,0,3
MDA,2004,HBS,1,0,3
MDA,2005,HBS,1,1,3
MDA,2006,HBS,1,2,3
MDA,2007,HBS,1,2,3
MDA,2008,HBS,1,2,3
MDA,2009,HBS,1,2,3
MDA,2010,HBS,1,2,3
MDA,2011,HBS,1,2,3
MDA,2012,HBS,1,2,3
MDA,2013,HBS,1,2,3
MDA,2014,HBS,1,2,3
MDA,2015,HBS,1,2,3
MDA,2016,HBS,1,2,3
MDA,2017,HBS,1,2,3
MDA,2018,HBS,1,2,3
MDG,1980,EB,1,0,3
MDG,1993,EPM,1,1,3
MDG,1997,EPM,1,2,3
MDG,1999,EPM,1,2,3
MDG,2001,EPM,1,3,3
MDG,2005,EPM,1,3,3
MDG,2010,EPM,1,3,3
MDG,2012,ENSOMD,1,3,3
MDV,2002,HIES,1,0,3
MDV,2009,HIES,1,1,3
MDV,2016,HIES,1,2,3
MEX,1984,ENIGH,1,0,3
MEX,1989,ENIGH,2,0,3
MEX,1992,ENIGH,1,0,3
MEX,1992,ENIGH,2,0,3
MEX,1994,ENIGH,1,0,3
MEX,1994,ENIGH,2,0,3
MEX,1996,ENIGH,1,0,3
MEX,1996,ENIGH,2,0,3
MEX,1998,ENIGH,1,0,3
MEX,1998,ENIGH,2,0,3
MEX,2000,ENIGH,1,0,3
MEX,2000,ENIGH,2,0,3
MEX,2002,ENIGH,1,0,3
MEX,2002,ENIGH,2,0,3
MEX,2004,ENIGH,1,0,3
MEX,2004,ENIGH,2,0,3
MEX,2005,ENIGH,1,0,3
MEX,2005,ENIGH,2,0,3
MEX,2006,ENIGH,1,0,3
MEX,2006,ENIGH,2,0,3
MEX,2008,ENIGH,1,0,3
MEX,2008,ENIGH,2,0,3
MEX,2010,ENIGH,1,0,3
MEX,2010,ENIGH,2,0,3
MEX,2012,ENIGH,1,0,3
MEX,2012,ENIGH,2,0,3
MEX,2014,ENIGH,1,0,3
MEX,2014,ENIGH,2,0,3
MEX,2016,ENIGHNS,1,1,3
MEX,2016,ENIGHNS,2,1,3
MEX,2018,ENIGHNS,2,1,3
MKD,1998,HBS,1,0,3
MKD,2000,HBS,1,1,3
MKD,2002,HBS,1,1,3
MKD,2003,HBS,1,1,3
MKD,2004,HBS,1,1,3
MKD,2005,HBS,1,1,3
MKD,2006,HBS,1,1,3
MKD,2008,HBS,1,1,3
MKD,2009,SILC-C,2,2,3
MKD,2010,SILC-C,2,2,3
MKD,2011,SILC-C,2,2,3
MKD,2012,SILC-C,2,2,3
MKD,2013,SILC-C,2,2,3
MKD,2014,SILC-C,2,2,3
MKD,2015,SILC-C,2,2,3
MKD,2016,SILC-C,2,2,3
MKD,2017,SILC-C,2,2,3
MLI,1994,EMCES,1,0,3
MLI,2001,EMEP,1,1,3
MLI,2006,ELIM,1,2,3
MLI,2009,ELIM,1,2,3
MLT,2006,EU-SILC,2,0,3
MLT,2007,EU-SILC,2,0,3
MLT,2008,EU-SILC,2,0,3
MLT,2009,EU-SILC,2,0,3
MLT,2010,EU-SILC,2,0,3
MLT,2011,EU-SILC,2,0,3
MLT,2012,EU-SILC,2,0,3
MLT,2013,EU-SILC,2,0,3
MLT,2014,EU-SILC,2,0,3
MLT,2015,EU-SILC,2,0,3
MLT,2016,EU-SILC,2,0,3
MLT,2017,EU-SILC,2,0,3
MMR,2015,MPLCS,1,0,3
MMR,2017,MLCS,1,0,3
MNE,2005,HBS,1,0,3
MNE,2006,HBS,1,0,3
MNE,2007,HBS,1,0,3
MNE,2008,HBS,1,0,3
MNE,2009,HBS,1,0,3
MNE,2010,HBS,1,0,3
MNE,2011,HBS,1,0,3
MNE,2012,HBS,1,0,3
MNE,2012,SILC-C,2,1,3
MNE,2013,HBS,1,0,3
MNE,2013,SILC-C,2,1,3
MNE,2014,HBS,1,0,3
MNE,2014,SILC-C,2,1,3
MNE,2015,SILC-C,2,1,3
MNG,1995,LSMS,1,0,3
MNG,1998,LSMS,1,0,3
MNG,2002,LFS,1,1,3
MNG,2007,LSS,1,2,3
MNG,2010,HSES,1,3,3
MNG,2011,HSES,1,3,3
MNG,2012,HSES,1,3,3
MNG,2014,HSES,1,3,3
MNG,2016,HSES,1,3,3
MNG,2018,HSES,1,3,3
MOZ,1996,NHS,1,0,3
MOZ,2002,IAF,1,0,3
MOZ,2008,IOF,1,0,3
MOZ,2014,IOF,1,0,3
MRT,1987,EPCV,1,0,3
MRT,1993,EP,1,1,3
MRT,1995,EPCV,1,2,3
MRT,2000,EPCV,1,3,3
MRT,2004,EPCV,1,3,3
MRT,2008,EPCV,1,3,3
MRT,2014,EPCV,1,3,3
MUS,2006,HBS,1,0,3
MUS,2012,HBS,1,0,3
MUS,2017,HBS,1,0,3
MWI,1997,IHS-I,1,0,3
MWI,2004,IHS-II,1,1,3
MWI,2010,IHS-III,1,1,3
MWI,2016,IHS-IV,1,1,3
MYS,1984,HIS,2,0,3
MYS,1987,HIS,2,0,3
MYS,1989,HIS,2,0,3
MYS,1992,HIS,2,0,3
MYS,1995,HIS,2,0,3
MYS,1997,HIS,2,0,3
MYS,2004,HIS,2,1,3
MYS,2007,HIS,2,1,3
MYS,2008,HIS,2,1,3
MYS,2011,HIS,2,1,3
MYS,2013,HIS,2,1,3
MYS,2015,HIS,2,1,3
NAM,1993,NHIES,2,0,3
NAM,2003,NHIES,1,1,3
NAM,2009,NHIES,1,1,3
NAM,2015,NHIES,1,1,3
NER,1992,ENBCM,1,0,3
NER,1994,EPCES,1,1,3
NER,2005,ENCVM,1,2,3
NER,2007,ENBCM,1,3,3
NER,2011,ECVMA,1,4,3
NER,2014,ECVMA,1,4,3
NGA,1985,NCS,1,0,3
NGA,1992,NCS,1,1,3
NGA,1996,NCS,1,2,3
NGA,2003,LSS,1,3,3
NGA,2009,LSS,1,3,3
NIC,1993,EMNV,1,0,3
NIC,1993,EMNV,2,0,3
NIC,1998,EMNV,1,0,3
NIC,1998,EMNV,2,0,3
NIC,2001,EMNV,1,0,3
NIC,2001,EMNV,2,0,3
NIC,2005,EMNV,1,1,3
NIC,2005,EMNV,2,1,3
NIC,2009,EMNV,2,1,3
NIC,2014,EMNV,2,1,3
NLD,1983,AVO-LIS,2,0,3
NLD,1987,AVO-LIS,2,0,3
NLD,1990,AVO-LIS,2,0,3
NLD,1993,SEP-LIS,2,1,3
NLD,1999,SEP-LIS,2,1,3
NLD,2004,EU-SILC,2,2,3
NLD,2005,EU-SILC,2,2,3
NLD,2006,EU-SILC,2,2,3
NLD,2007,EU-SILC,2,2,3
NLD,2008,EU-SILC,2,2,3
NLD,2009,EU-SILC,2,2,3
NLD,2010,EU-SILC,2,2,3
NLD,2011,EU-SILC,2,2,3
NLD,2012,EU-SILC,2,2,3
NLD,2013,EU-SILC,2,2,3
NLD,2014,EU-SILC,2,2,3
NLD,2015,EU-SILC,2,2,3
NLD,2016,EU-SILC,2,2,3
NLD,2017,EU-SILC,2,2,3
NOR,1979,IDS-LIS,2,0,3
NOR,1986,IDS-LIS,2,0,3
NOR,1991,IDS-LIS,2,0,3
NOR,1995,IDS-LIS,2,0,3
NOR,2000,IDS-LIS,2,0,3
NOR,2003,EU-SILC,2,1,3
NOR,2004,EU-SILC,2,1,3
NOR,2005,EU-SILC,2,1,3
NOR,2006,EU-SILC,2,1,3
NOR,2007,EU-SILC,2,1,3
NOR,2008,EU-SILC,2,1,3
NOR,2009,EU-SILC,2,1,3
NOR,2010,EU-SILC,2,1,3
NOR,2011,EU-SILC,2,1,3
NOR,2012,EU-SILC,2,1,3
NOR,2013,EU-SILC,2,1,3
NOR,2014,EU-SILC,2,1,3
NOR,2015,EU-SILC,2,1,3
NOR,2016,EU-SILC,2,1,3
NOR,2017,EU-SILC,2,1,3
NPL,1984,MHBS,2,0,3
NPL,1995,LSS-I,1,1,3
NPL,2003,LSS-II,1,1,3
NPL,2010,LSS-III,1,2,3
PAK,1987,HIES,1,0,3
PAK,1990,HIES,1,0,3
PAK,1996,IHS2,1,0,3
PAK,1998,HIES,1,0,3
PAK,2001,PIHS,1,0,3
PAK,2004,PSLM,1,1,3
PAK,2005,PSLM,1,1,3
PAK,2007,PSLM,1,1,3
PAK,2010,PSLM,1,1,3
PAK,2011,PSLM,1,1,3
PAK,2013,PSLM,1,1,3
PAK,2015,PSLM,1,1,3
PAN,1979,EMO,2,0,3
PAN,1989,EMO,2,1,3
PAN,1991,EMO,2,2,3
PAN,1995,EH,2,3,3
PAN,1997,EH,2,3,3
PAN,1998,EH,2,3,3
PAN,1999,EH,2,3,3
PAN,2000,EH,2,3,3
PAN,2001,EH,2,4,3
PAN,2002,EH,2,4,3
PAN,2003,EH,2,4,3
PAN,2004,EH,2,4,3
PAN,2005,EH,2,4,3
PAN,2006,EH,2,4,3
PAN,2007,EH,2,4,3
PAN,2008,EH,2,5,3
PAN,2009,EH,2,5,3
PAN,2010,EH,2,5,3
PAN,2011,EH,2,5,3
PAN,2012,EH,2,5,3
PAN,2013,EH,2,5,3
PAN,2014,EH,2,5,3
PAN,2015,EH,2,5,3
PAN,2016,EH,2,5,3
PAN,2017,EH,2,5,3
PAN,2018,EH,2,5,3
PER,1985,ENNIV,1,0,3
PER,1994,ENNIV,1,0,3
PER,1997,ENAHO,2,1,3
PER,1998,ENAHO,2,1,3
PER,1999,ENAHO,2,1,3
PER,2000,ENAHO,2,2,3
PER,2001,ENAHO,2,2,3
PER,2002,ENAHO,2,2,3
PER,2003,ENAHO,2,2,3
PER,2004,ENAHO,2,3,3
PER,2005,ENAHO,2,3,3
PER,2006,ENAHO,2,3,3
PER,2007,ENAHO,2,3,3
PER,2008,ENAHO,2,3,3
PER,2009,ENAHO,2,3,3
PER,2010,ENAHO,2,3,3
PER,2011,ENAHO,2,3,3
PER,2012,ENAHO,2,3,3
PER,2013,ENAHO,2,3,3
PER,2014,ENAHO,2,3,3
PER,2015,ENAHO,2,3,3
PER,2016,ENAHO,2,3,3
PER,2017,ENAHO,2,3,3
PER,2018,ENAHO,2,3,3
PHL,1985,FIES,1,0,3
PHL,1988,FIES,1,0,3
PHL,1991,FIES,1,0,3
PHL,1994,FIES,1,0,3
PHL,1997,FIES,1,1,3
PHL,2000,FIES,1,2,3
PHL,2000,FIES,2,2,3
PHL,2003,FIES,2,3,3
PHL,2006,FIES,2,3,3
PHL,2009,FIES,2,3,3
PHL,2012,FIES,2,3,3
PHL,2015,FIES,1,3,3
PHL,2015,FIES,2,3,3
PNG,1996,HIES,1,0,3
PNG,2009,HIES,1,1,3
POL,1985,HBS,2,0,3
POL,1986,HBS-LIS,2,0,3
POL,1987,HBS,2,0,3
POL,1989,HBS,2,0,3
POL,1992,HBS-LIS,2,0,3
POL,1993,HBS,1,1,3
POL,1995,HBS-LIS,2,0,3
POL,1996,HBS,1,1,3
POL,1998,HBS,1,2,3
POL,1999,HBS,1,2,3
POL,1999,HBS-LIS,2,0,3
POL,2000,HBS,1,2,3
POL,2001,HBS,1,2,3
POL,2002,HBS,1,2,3
POL,2003,HBS,1,2,3
POL,2004,HBS,1,2,3
POL,2004,EU-SILC,2,3,3
POL,2005,HBS,1,2,3
POL,2005,EU-SILC,2,3,3
POL,2006,HBS,1,2,3
POL,2006,EU-SILC,2,3,3
POL,2007,HBS,1,2,3
POL,2007,EU-SILC,2,3,3
POL,2008,HBS,1,2,3
POL,2008,EU-SILC,2,3,3
POL,2009,HBS,1,2,3
POL,2009,EU-SILC,2,3,3
POL,2010,HBS,1,2,3
POL,2010,EU-SILC,2,3,3
POL,2011,HBS,1,2,3
POL,2011,EU-SILC,2,3,3
POL,2012,HBS,1,2,3
POL,2012,EU-SILC,2,3,3
POL,2013,HBS,1,2,3
POL,2013,EU-SILC,2,3,3
POL,2014,HBS,1,2,3
POL,2014,EU-SILC,2,3,3
POL,2015,HBS,1,2,3
POL,2015,EU-SILC,2,3,3
POL,2016,HBS,1,2,3
POL,2016,EU-SILC,2,3,3
POL,2017,EU-SILC,2,3,3
PRT,2003,EU-SILC,2,0,3
PRT,2004,EU-SILC,2,0,3
PRT,2005,EU-SILC,2,0,3
PRT,2006,EU-SILC,2,0,3
PRT,2007,EU-SILC,2,0,3
PRT,2008,EU-SILC,2,0,3
PRT,2009,EU-SILC,2,0,3
PRT,2010,EU-SILC,2,0,3
PRT,2011,EU-SILC,2,0,3
PRT,2012,EU-SILC,2,0,3
PRT,2013,EU-SILC,2,0,3
PRT,2014,EU-SILC,2,0,3
PRT,2015,EU-SILC,2,0,3
PRT,2016,EU-SILC,2,0,3
PRT,2017,EU-SILC,2,0,3
PRY,1990,EH,2,0,3
PRY,1995,EH,2,0,3
PRY,1997,EIH,2,1,3
PRY,1999,EPH,2,2,3
PRY,2001,EIH,2,3,3
PRY,2002,EPH,2,4,3
PRY,2003,EPH,2,5,3
PRY,2004,EPH,2,5,3
PRY,2005,EPH,2,5,3
PRY,2006,EPH,2,5,3
PRY,2007,EPH,2,5,3
PRY,2008,EPH,2,5,3
PRY,2009,EPH,2,5,3
PRY,2010,EPH,2,5,3
PRY,2011,EPH,2,5,3
PRY,2012,EPH,2,5,3
PRY,2013,EPH,2,5,3
PRY,2014,EPH,2,5,3
PRY,2015,EPH,2,5,3
PRY,2016,EPH,2,5,3
PRY,2017,EPH,2,5,3
PRY,2018,EPH,2,5,3
PSE,2004,PECS,1,0,3
PSE,2005,PECS,1,0,3
PSE,2006,PECS,1,0,3
PSE,2007,PECS,1,0,3
PSE,2009,PECS,1,0,3
PSE,2010,PECS,1,0,3
PSE,2011,PECS,1,0,3
PSE,2016,PECS,1,0,3
ROU,1989,HBS,2,0,3
ROU,1992,MC,2,0,3
ROU,1994,HIS,2,0,3
ROU,1995,IHS-LIS,2,0,3
ROU,1997,IHS-LIS,2,0,3
ROU,1998,IHS,1,1,3
ROU,1999,HBS,1,2,3
ROU,2000,IHS,1,1,3
ROU,2001,HBS,1,2,3
ROU,2002,HBS,1,2,3
ROU,2003,HBS,1,2,3
ROU,2004,HBS,1,2,3
ROU,2005,HBS,1,2,3
ROU,2006,HBS,1,2,3
ROU,2006,EU-SILC,2,3,3
ROU,2007,HBS,1,2,3
ROU,2007,EU-SILC,2,3,3
ROU,2008,HBS,1,2,3
ROU,2008,EU-SILC,2,3,3
ROU,2009,HBS,1,2,3
ROU,2009,EU-SILC,2,3,3
ROU,2010,HBS,1,2,3
ROU,2010,EU-SILC,2,3,3
ROU,2011,HBS,1,2,3
ROU,2011,EU-SILC,2,3,3
ROU,2012,HBS,1,2,3
ROU,2012,EU-SILC,2,3,3
ROU,2013,HBS,1,2,3
ROU,2013,EU-SILC,2,3,3
ROU,2014,EU-SILC,2,3,3
ROU,2015,EU-SILC,2,3,3
ROU,2016,HBS,1,2,3
ROU,2016,EU-SILC,2,3,3
ROU,2017,EU-SILC,2,3,3
RUS,1993,HBS,1,1,3
RUS,1996,HBS,1,1,3
RUS,1997,HBS,1,3,3
RUS,1998,HBS,1,3,3
RUS,1999,HBS,1,3,3
RUS,2000,HBS,1,3,3
RUS,2001,HBS,1,3,3
RUS,2002,HBS,1,3,3
RUS,2003,HBS,1,3,3
RUS,2004,HBS,1,3,3
RUS,2005,HBS,1,3,3
RUS,2006,HBS,1,3,3
RUS,2007,HBS,1,3,3
RUS,2008,HBS,1,3,3
RUS,2009,HBS,1,3,3
RUS,2010,HBS,1,3,3
RUS,2011,HBS,1,3,3
RUS,2012,HBS,1,3,3
RUS,2013,HBS,1,3,3
RUS,2014,HBS,1,3,3
RUS,2015,HBS,1,3,3
RUS,2016,HBS,1,3,3
RUS,2017,HBS,1,3,3
RUS,2018,HBS,1,3,3
RWA,2000,EICV-I,1,1,3
RWA,2005,EICV-II,1,1,3
RWA,2010,EICV-III,1,1,3
RWA,2013,EICV-IV,1,1,3
RWA,2016,EICV-V,1,1,3
SDN,2009,NBHS,1,0,3
SDN,2014,NBHS,1,1,3
SEN,1991,EP,1,0,3
SEN,1994,ESAM,1,1,3
SEN,2001,ESAM-II,1,2,3
SEN,2005,ESPS-I,1,3,3
SEN,2011,ESPS-II,1,3,3
SLB,2005,HIES,1,0,3
SLB,2013,HIES,1,1,3
SLE,1989,HEEAS,1,0,3
SLE,2003,SLIHS,1,1,3
SLE,2011,SLIHS,1,1,3
SLE,2018,SLIHS,1,1,3
SLV,1989,EHPM,2,0,3
SLV,1991,EHPM,2,1,3
SLV,1995,EHPM,2,1,3
SLV,1996,EHPM,2,1,3
SLV,1998,EHPM,2,1,3
SLV,1999,EHPM,2,1,3
SLV,2000,EHPM,2,1,3
SLV,2001,EHPM,2,1,3
SLV,2002,EHPM,2,1,3
SLV,2003,EHPM,2,1,3
SLV,2004,EHPM,2,1,3
SLV,2005,EHPM,2,1,3
SLV,2006,EHPM,2,1,3
SLV,2007,EHPM,2,1,3
SLV,2008,EHPM,2,1,3
SLV,2009,EHPM,2,1,3
SLV,2010,EHPM,2,1,3
SLV,2011,EHPM,2,1,3
SLV,2012,EHPM,2,1,3
SLV,2013,EHPM,2,1,3
SLV,2014,EHPM,2,1,3
SLV,2015,EHPM,2,1,3
SLV,2016,EHPM,2,1,3
SLV,2017,EHPM,2,1,3
SLV,2018,EHPM,2,1,3
SRB,2002,LSMS,1,0,3
SRB,2003,HBS,1,1,3
SRB,2004,HBS,1,1,3
SRB,2005,HBS,1,1,3
SRB,2006,HBS,1,1,3
SRB,2007,HBS,1,1,3
SRB,2008,HBS,1,1,3
SRB,2009,HBS,1,1,3
SRB,2010,HBS,1,1,3
SRB,2012,EU-SILC,2,2,3
SRB,2013,HBS,1,1,3
SRB,2013,EU-SILC,2,2,3
SRB,2014,EU-SILC,2,2,3
SRB,2015,HBS,1,1,3
SRB,2015,EU-SILC,2,2,3
SRB,2016,EU-SILC,2,2,3
SRB,2017,EU-SILC,2,2,3
SRB,2018,HBS,1,1,3
SSD,2009,NBHS,1,0,3
STP,2000,IOF,1,0,3
STP,2010,IOF,1,1,3
STP,2017,IOF,1,2,3
SUR,1999,EHS,2,0,3
SVK,1992,MC-LIS,2,0,3
SVK,1996,MC-LIS,2,0,3
SVK,2004,HBS,1,1,3
SVK,2004,EU-SILC,2,2,3
SVK,2005,HBS,1,1,3
SVK,2005,EU-SILC,2,2,3
SVK,2006,HBS,1,1,3
SVK,2006,EU-SILC,2,2,3
SVK,2007,HBS,1,1,3
SVK,2007,EU-SILC,2,2,3
SVK,2008,HBS,1,1,3
SVK,2008,EU-SILC,2,2,3
SVK,2009,HBS,1,1,3
SVK,2009,EU-SILC,2,2,3
SVK,2010,EU-SILC,2,2,3
SVK,2011,EU-SILC,2,2,3
SVK,2012,EU-SILC,2,2,3
SVK,2013,EU-SILC,2,2,3
SVK,2014,EU-SILC,2,2,3
SVK,2015,EU-SILC,2,2,3
SVK,2016,EU-SILC,2,2,3
SVN,1987,IES,2,0,3
SVN,1993,IES,2,0,3
SVN,1997,HBS-LIS,2,1,3
SVN,1998,HBS,1,2,3
SVN,1999,HBS-LIS,2,1,3
SVN,2002,HBS,1,2,3
SVN,2003,HBS,1,2,3
SVN,2004,EU-SILC,2,3,3
SVN,2005,EU-SILC,2,3,3
SVN,2006,EU-SILC,2,3,3
SVN,2007,EU-SILC,2,3,3
SVN,2008,EU-SILC,2,3,3
SVN,2009,EU-SILC,2,3,3
SVN,2010,EU-SILC,2,3,3
SVN,2011,EU-SILC,2,3,3
SVN,2012,EU-SILC,2,3,3
SVN,2013,EU-SILC,2,3,3
SVN,2014,EU-SILC,2,3,3
SVN,2015,EU-SILC,2,3,3
SVN,2016,EU-SILC,2,3,3
SVN,2017,EU-SILC,2,3,3
SWE,1967,LLS-RD-LIS,2,0,3
SWE,1975,HIS-LIS,2,1,3
SWE,1981,HIS-LIS,2,1,3
SWE,1987,HIS-LIS,2,1,3
SWE,1992,HIS-LIS,2,1,3
SWE,1995,HIS-LIS,2,1,3
SWE,2000,HIS-LIS,2,1,3
SWE,2003,EU-SILC,2,2,3
SWE,2004,EU-SILC,2,2,3
SWE,2005,EU-SILC,2,2,3
SWE,2006,EU-SILC,2,2,3
SWE,2007,EU-SILC,2,2,3
SWE,2008,EU-SILC,2,2,3
SWE,2009,EU-SILC,2,2,3
SWE,2010,EU-SILC,2,2,3
SWE,2011,EU-SILC,2,2,3
SWE,2012,EU-SILC,2,2,3
SWE,2013,EU-SILC,2,2,3
SWE,2014,EU-SILC,2,2,3
SWE,2015,EU-SILC,2,2,3
SWE,2016,EU-SILC,2,2,3
SWE,2017,EU-SILC,2,2,3
SWZ,1994,HIES,1,0,3
SWZ,2000,HIES,1,1,3
SWZ,2009,HIES,1,1,3
SWZ,2016,HIES,1,1,3
SYC,1999,HES,1,0,3
SYC,2006,HBS,1,1,3
SYC,2013,HBS,2,2,3
SYR,2004,HBS,1,0,3
TCD,2003,ECOSIT-II,1,0,3
TCD,2011,ECOSIT-III,1,0,3
TGO,2006,QUIBB,1,0,3
TGO,2011,QUIBB,1,0,3
TGO,2015,QUIBB,1,0,3
THA,1981,SES,1,0,3
THA,1988,SES,1,0,3
THA,1990,SES,1,1,3
THA,1992,SES,1,1,3
THA,1994,SES,1,1,3
THA,1996,SES,1,1,3
THA,1998,SES,1,1,3
THA,1999,SES,1,1,3
THA,2000,SES,1,2,3
THA,2002,SES,1,2,3
THA,2004,SES,1,2,3
THA,2006,SES,1,2,3
THA,2007,SES,1,2,3
THA,2008,SES,1,2,3
THA,2009,SES,1,2,3
THA,2010,SES,1,2,3
THA,2011,SES,1,2,3
THA,2012,SES,1,2,3
THA,2013,SES,1,2,3
THA,2014,SES,1,3,3
THA,2015,SES,1,3,3
THA,2016,SES,1,3,3
THA,2017,SES,1,3,3
THA,2018,SES,1,3,3
TJK,1999,TLSS,1,0,3
TJK,2003,TLSS,1,0,3
TJK,2004,HBS,1,1,3
TJK,2007,TLSS,1,0,3
TJK,2009,TLSS,1,0,3
TJK,2015,HSITAFIEN,1,0,3
TKM,1998,LSMS,1,0,3
TLS,2001,TLSS,1,0,3
TLS,2007,TLSLS,1,0,3
TLS,2014,TLSLS,1,0,3
TON,2001,HIES,1,0,3
TON,2009,HIES,1,1,3
TON,2015,HIES,1,1,3
TTO,1988,SLC,2,0,3
TTO,1992,PHC,2,1,3
TUN,1985,HBCS,1,0,3
TUN,1990,HBCS,1,0,3
TUN,1995,LSS,1,1,3
TUN,2000,LSS,1,1,3
TUN,2005,NSHBCSL,1,2,3
TUN,2010,NSHBCSL,1,2,3
TUN,2015,NSHBCSL,1,2,3
TUR,1987,HICES,1,0,3
TUR,1994,HICES,1,0,3
TUR,2002,HICES,1,1,3
TUR,2003,HICES,1,1,3
TUR,2004,HICES,1,1,3
TUR,2005,HICES,1,1,3
TUR,2006,HICES,1,1,3
TUR,2007,HICES,1,1,3
TUR,2008,HICES,1,1,3
TUR,2009,HICES,1,1,3
TUR,2010,HICES,1,1,3
TUR,2011,HICES,1,1,3
TUR,2012,HICES,1,1,3
TUR,2013,HICES,1,1,3
TUR,2014,HICES,1,1,3
TUR,2015,HICES,1,1,3
TUR,2016,HICES,1,1,3
TUR,2017,HICES,1,1,3
TUR,2018,HICES,1,1,3
TUV,2010,HIES,1,0,3
TWN,1981,FIDES-LIS,2,0,3
TWN,1986,FIDES-LIS,2,0,3
TWN,1991,FIDES-LIS,2,0,3
TWN,1995,FIDES-LIS,2,0,3
TWN,1997,FIDES-LIS,2,0,3
TWN,2000,FIDES-LIS,2,0,3
TWN,2005,FIDES-LIS,2,0,3
TWN,2007,FIDES-LIS,2,0,3
TWN,2010,FIDES-LIS,2,0,3
TWN,2013,FIDES-LIS,2,0,3
TWN,2016,FIDES-LIS,2,0,3
TZA,1991,HBS,1,0,3
TZA,2000,HBS,1,1,3
TZA,2007,HBS,1,1,3
TZA,2011,HBS,1,1,3
TZA,2017,HBS,1,1,3
UGA,1989,HBS,1,0,3
UGA,1992,NIHS,1,1,3
UGA,1996,NIHS,1,1,3
UGA,1999,NIHS,1,1,3
UGA,2002,UNHS,1,2,3
UGA,2005,UNHS,1,2,3
UGA,2009,UNHS,1,2,3
UGA,2012,UNHS,1,2,3
UGA,2016,UNHS,1,2,3
UKR,1992,HS,1,0,3
UKR,1993,HS,1,0,3
UKR,1995,HIES,1,1,3
UKR,1996,HIES,1,2,3
UKR,1999,HBS,2,3,3
UKR,2002,HLCS,1,4,3
UKR,2003,HLCS,1,4,3
UKR,2004,HLCS,1,4,3
UKR,2005,HLCS,1,4,3
UKR,2006,HLCS,1,4,3
UKR,2007,HLCS,1,4,3
UKR,2008,HLCS,1,4,3
UKR,2009,HLCS,1,4,3
UKR,2010,HLCS,1,4,3
UKR,2011,HLCS,1,4,3
UKR,2012,HLCS,1,4,3
UKR,2013,HLCS,1,4,3
UKR,2014,HLCS,1,4,3
UKR,2015,HLCS,1,4,3
UKR,2016,HLCS,1,4,3
UKR,2017,HLCS,1,4,3
UKR,2018,HLCS,1,4,3
URY,1992,ECH,2,2,3
URY,1995,ECH,2,2,3
URY,1996,ECH,2,2,3
URY,1997,ECH,2,2,3
URY,1998,ECH,2,2,3
URY,2000,ECH,2,2,3
URY,2001,ECH,2,2,3
URY,2002,ECH,2,2,3
URY,2003,ECH,2,2,3
URY,2004,ECH,2,2,3
URY,2005,ECH,2,2,3
URY,2006,ECH,2,3,3
URY,2007,ECH,2,3,3
URY,2008,ECH,2,3,3
URY,2009,ECH,2,3,3
URY,2010,ECH,2,3,3
URY,2011,ECH,2,3,3
URY,2012,ECH,2,3,3
URY,2013,ECH,2,3,3
URY,2014,ECH,2,3,3
URY,2015,ECH,2,3,3
URY,2016,ECH,2,3,3
URY,2017,ECH,2,3,3
URY,2018,ECH,2,3,3
USA,1974,CPS-LIS,2,0,3
USA,1979,CPS-LIS,2,0,3
USA,1986,CPS-LIS,2,0,3
USA,1991,CPS-LIS,2,0,3
USA,1994,CPS-LIS,2,0,3
USA,1997,CPS-LIS,2,0,3
USA,2000,CPS-LIS,2,0,3
USA,2004,CPS-ASEC-LIS,2,1,3
USA,2007,CPS-ASEC-LIS,2,1,3
USA,2010,CPS-ASEC-LIS,2,1,3
USA,2013,CPS-ASEC-LIS,2,1,3
USA,2016,CPS-ASEC-LIS,2,1,3
UZB,1998,HBS,1,0,3
UZB,2000,HBS,1,0,3
UZB,2002,HBS,1,0,3
UZB,2003,HBS,1,0,3
VEN,1981,EHM,2,0,3
VEN,1987,EHM,2,0,3
VEN,1989,EHM,2,1,3
VEN,1992,EHM,2,1,3
VEN,1995,EHM,2,1,3
VEN,1998,EHM,2,1,3
VEN,1999,EHM,2,1,3
VEN,2001,EHM,2,2,3
VEN,2002,EHM,2,2,3
VEN,2003,EHM,2,2,3
VEN,2004,EHM,2,2,3
VEN,2005,EHM,2,2,3
VEN,2006,EHM,2,2,3
VNM,1992,VLSS,1,0,3
VNM,1998,VLSS,1,0,3
VNM,2002,VHLSS,1,1,3
VNM,2004,VHLSS,1,1,3
VNM,2006,VHLSS,1,1,3
VNM,2008,VHLSS,1,1,3
VNM,2010,VHLSS,1,2,3
VNM,2012,VHLSS,1,2,3
VNM,2014,VHLSS,1,2,3
VNM,2016,VHLSS,1,2,3
VNM,2018,VHLSS,1,2,3
VUT,2010,HIES,1,0,3
WSM,2002,HIES,1,0,3
WSM,2008,HIES,1,0,3
WSM,2013,HIES,1,0,3
XKX,2003,HBS,1,0,3
XKX,2005,HBS,1,0,3
XKX,2006,HBS,1,0,3
XKX,2009,HBS,1,0,3
XKX,2010,HBS,1,0,3
XKX,2011,HBS,1,0,3
XKX,2012,HBS,1,2,3
XKX,2013,HBS,1,2,3
XKX,2014,HBS,1,2,3
XKX,2015,HBS,1,2,3
XKX,2016,HBS,1,2,3
XKX,2017,HBS,1,2,3
YEM,1998,HBS,1,0,3
YEM,2005,HBS,1,1,3
YEM,2014,HBS,1,1,3
ZAF,1993,KIDS,1,0,3
ZAF,1996,HIES,1,1,3
ZAF,2000,HIES,1,2,3
ZAF,2005,IES,1,3,3
ZAF,2008,LCS,1,4,3
ZAF,2010,IES,1,3,3
ZAF,2014,LCS,1,3,3
ZMB,1991,HBS,1,0,3
ZMB,1993,HBS,1,1,3
ZMB,1996,LCMS-I,1,2,3
ZMB,1998,LCMS-II,1,3,3
ZMB,2002,LCMSIII,1,3,3
ZMB,2004,LCMS-IV,1,3,3
ZMB,2006,LCMS-V,1,3,3
ZMB,2010,LCMS-VI,1,4,3
ZMB,2015,LCMS-VII,1,4,3
ZWE,2011,ICES,1,0,3
ZWE,2017,PICES,1,0,3
